{"cameraMode":{"drawMode":0,"name":"Shaded","section":"Shading Mode"},"sceneLighting":false,"audioPlay":false,"sceneViewState":{"showFog":true,"showMaterialUpdate":false,"showSkybox":true,"showFlares":true,"showImageEffects":true,"showParticleSystems":true},"in2DMode":false,"pivot":{"x":1.8499999046325684,"y":0.25300002098083498,"z":2.4800000190734865},"rotation":{"x":0.4112940728664398,"y":0.009570496156811715,"z":-0.004318743012845516,"w":0.9114421010017395},"size":0.4330126643180847,"orthographic":false}