{"cameraMode":{"drawMode":0,"name":"Shaded","section":"Shading Mode"},"sceneLighting":false,"audioPlay":false,"sceneViewState":{"showFog":true,"showMaterialUpdate":false,"showSkybox":true,"showFlares":true,"showImageEffects":true,"showParticleSystems":true},"in2DMode":false,"pivot":{"x":16.957080841064454,"y":-10.73077392578125,"z":7.068808555603027},"rotation":{"x":0.24241633713245393,"y":0.5565129518508911,"z":-0.17398342490196229,"w":0.775422990322113},"size":12.07201862335205,"orthographic":false}