{"cameraMode":{"drawMode":0,"name":"Shaded","section":"Shading Mode"},"sceneLighting":false,"audioPlay":false,"sceneViewState":{"showFog":true,"showMaterialUpdate":false,"showSkybox":true,"showFlares":true,"showImageEffects":true,"showParticleSystems":true},"in2DMode":false,"pivot":{"x":-0.14035141468048097,"y":0.9659643173217773,"z":-4.191830635070801},"rotation":{"x":-0.006561020854860544,"y":-0.9933018088340759,"z":0.08964091539382935,"w":-0.07284405827522278},"size":5.01795768737793,"orthographic":false}