{"cameraMode":{"drawMode":0,"name":"Shaded","section":"Shading Mode"},"sceneLighting":false,"audioPlay":false,"sceneViewState":{"showFog":true,"showMaterialUpdate":false,"showSkybox":true,"showFlares":true,"showImageEffects":true,"showParticleSystems":true},"in2DMode":false,"pivot":{"x":2.570944309234619,"y":-0.039851702749729159,"z":1.7352232933044434},"rotation":{"x":-0.26490509510040285,"y":-0.32666030526161196,"z":0.09592892229557038,"w":-0.9021942615509033},"size":1.7588067054748536,"orthographic":false}