{"cameraMode":{"drawMode":0,"name":"Shaded","section":"Shading Mode"},"sceneLighting":false,"audioPlay":false,"sceneViewState":{"showFog":true,"showMaterialUpdate":false,"showSkybox":true,"showFlares":true,"showImageEffects":true,"showParticleSystems":true},"in2DMode":false,"pivot":{"x":-12.861076354980469,"y":-7.125086784362793,"z":3.392324686050415},"rotation":{"x":0.21665112674236298,"y":-0.5982294082641602,"z":0.17234501242637635,"w":0.7520025372505188},"size":10.219878196716309,"orthographic":false}