{"cameraMode":{"drawMode":0,"name":"Shaded","section":"Shading Mode"},"sceneLighting":false,"audioPlay":false,"sceneViewState":{"showFog":true,"showMaterialUpdate":false,"showSkybox":true,"showFlares":true,"showImageEffects":true,"showParticleSystems":true},"in2DMode":false,"pivot":{"x":1.440000057220459,"y":0.25300002098083498,"z":2.4260001182556154},"rotation":{"x":0.3137218654155731,"y":-0.16131559014320374,"z":0.054173652082681659,"w":0.9341534972190857},"size":0.4330126941204071,"orthographic":true}