{"cameraMode":{"drawMode":0,"name":"Shaded","section":"Shading Mode"},"sceneLighting":false,"audioPlay":false,"sceneViewState":{"showFog":true,"showMaterialUpdate":false,"showSkybox":true,"showFlares":true,"showImageEffects":true,"showParticleSystems":true},"in2DMode":false,"pivot":{"x":-2.530317783355713,"y":-6.186354637145996,"z":14.816579818725586},"rotation":{"x":0.2045222669839859,"y":-0.09673012793064118,"z":0.020309019833803178,"w":0.9738731980323792},"size":10.70230770111084,"orthographic":false}