{"cameraMode":{"drawMode":0,"name":"Shaded","section":"Shading Mode"},"sceneLighting":false,"audioPlay":false,"sceneViewState":{"showFog":true,"showMaterialUpdate":false,"showSkybox":true,"showFlares":true,"showImageEffects":true,"showParticleSystems":true},"in2DMode":false,"pivot":{"x":1.4087413549423218,"y":2.007223606109619,"z":-6.334567070007324},"rotation":{"x":0.10289879888296128,"y":-0.08939813077449799,"z":0.009283397346735,"w":0.9906327724456787},"size":3.6647844314575197,"orthographic":true}