{"cameraMode":{"drawMode":0,"name":"Shaded","section":"Shading Mode"},"sceneLighting":false,"audioPlay":false,"sceneViewState":{"showFog":true,"showMaterialUpdate":false,"showSkybox":true,"showFlares":true,"showImageEffects":true,"showParticleSystems":true},"in2DMode":false,"pivot":{"x":-1.5445044040679932,"y":-1.405627727508545,"z":5.343935489654541},"rotation":{"x":-0.2193221151828766,"y":0.21510957181453706,"z":-0.049643173813819888,"w":-0.9503489136695862},"size":10.64197063446045,"orthographic":false}