{"cameraMode":{"drawMode":0,"name":"Shaded","section":"Shading Mode"},"sceneLighting":false,"audioPlay":false,"sceneViewState":{"showFog":true,"showMaterialUpdate":false,"showSkybox":true,"showFlares":true,"showImageEffects":true,"showParticleSystems":true},"in2DMode":false,"pivot":{"x":16.31483268737793,"y":-11.694170951843262,"z":6.883053779602051},"rotation":{"x":0.24241633713245393,"y":0.5565129518508911,"z":-0.17398342490196229,"w":0.775422990322113},"size":16.344778060913087,"orthographic":false}