{"cameraMode":{"drawMode":0,"name":"Shaded","section":"Shading Mode"},"sceneLighting":false,"audioPlay":false,"sceneViewState":{"showFog":true,"showMaterialUpdate":false,"showSkybox":true,"showFlares":true,"showImageEffects":true,"showParticleSystems":true},"in2DMode":false,"pivot":{"x":29.400074005126954,"y":30.256641387939454,"z":25.557769775390626},"rotation":{"x":0.3137218654155731,"y":-0.16131559014320374,"z":0.054173652082681659,"w":0.9341534972190857},"size":29.703258514404298,"orthographic":true}