{"cameraMode":{"drawMode":0,"name":"Shaded","section":"Shading Mode"},"sceneLighting":false,"audioPlay":false,"sceneViewState":{"showFog":true,"showMaterialUpdate":false,"showSkybox":true,"showFlares":true,"showImageEffects":true,"showParticleSystems":true},"in2DMode":false,"pivot":{"x":-2.680844306945801,"y":-5.232474327087402,"z":15.213827133178711},"rotation":{"x":0.2045222669839859,"y":-0.09673012793064118,"z":0.020309019833803178,"w":0.9738731980323792},"size":13.102309226989746,"orthographic":false}