{"cameraMode":{"drawMode":0,"name":"Shaded","section":"Shading Mode"},"sceneLighting":false,"audioPlay":false,"sceneViewState":{"showFog":true,"showMaterialUpdate":false,"showSkybox":true,"showFlares":true,"showImageEffects":true,"showParticleSystems":true},"in2DMode":false,"pivot":{"x":-3.7405123710632326,"y":-15.877172470092774,"z":61.068084716796878},"rotation":{"x":-0.13276852667331696,"y":0.024981873109936715,"z":-0.003336262656375766,"w":-0.9908499121665955},"size":33.41514205932617,"orthographic":false}