{"cameraMode":{"drawMode":0,"name":"Shaded","section":"Shading Mode"},"sceneLighting":false,"audioPlay":false,"sceneViewState":{"showFog":true,"showMaterialUpdate":false,"showSkybox":true,"showFlares":true,"showImageEffects":true,"showParticleSystems":true},"in2DMode":false,"pivot":{"x":2.0799999237060549,"y":1.6116923093795777,"z":-0.21707651019096375},"rotation":{"x":0.4112940728664398,"y":0.009570496156811715,"z":-0.004318743012845516,"w":0.9114421010017395},"size":0.14436054229736329,"orthographic":false}